{
  "threshold": 0.5,
  "accuracy": 0.7735982966643009,
  "precision": 0.556237218813906,
  "recall": 0.7272727272727273,
  "f1": 0.6303592120509849,
  "roc_auc": 0.84594280399907,
  "pr_auc": 0.6791942047287611,
  "confusion_matrix": [
    [
      818,
      217
    ],
    [
      102,
      272
    ]
  ],
  "classification_report": {
    "0": {
      "precision": 0.8891304347826087,
      "recall": 0.7903381642512077,
      "f1-score": 0.8368286445012788,
      "support": 1035.0
    },
    "1": {
      "precision": 0.556237218813906,
      "recall": 0.7272727272727273,
      "f1-score": 0.6303592120509849,
      "support": 374.0
    },
    "accuracy": 0.7735982966643009,
    "macro avg": {
      "precision": 0.7226838267982574,
      "recall": 0.7588054457619675,
      "f1-score": 0.7335939282761319,
      "support": 1409.0
    },
    "weighted avg": {
      "precision": 0.8007684313956004,
      "recall": 0.7735982966643009,
      "f1-score": 0.7820241251709665,
      "support": 1409.0
    }
  }
}