{
  "KNORA-E": {
    "threshold": 0.5,
    "accuracy": 0.7814052519517388,
    "precision": 0.5863874345549738,
    "recall": 0.5989304812834224,
    "f1": 0.5925925925925926,
    "roc_auc": 0.7123033403084553,
    "pr_auc": 0.46799091051339814,
    "confusion_matrix": [
      [
        877,
        158
      ],
      [
        150,
        224
      ]
    ],
    "classification_report": {
      "0": {
        "precision": 0.8539435248296008,
        "recall": 0.8473429951690822,
        "f1-score": 0.8506304558680893,
        "support": 1035.0
      },
      "1": {
        "precision": 0.5863874345549738,
        "recall": 0.5989304812834224,
        "f1-score": 0.5925925925925926,
        "support": 374.0
      },
      "accuracy": 0.7814052519517388,
      "macro avg": {
        "precision": 0.7201654796922873,
        "recall": 0.7231367382262524,
        "f1-score": 0.7216115242303409,
        "support": 1409.0
      },
      "weighted avg": {
        "precision": 0.7829243780853067,
        "recall": 0.7814052519517388,
        "f1-score": 0.7821377937921234,
        "support": 1409.0
      }
    }
  },
  "KNORA-U": {
    "threshold": 0.5,
    "accuracy": 0.7998580553584103,
    "precision": 0.6402439024390244,
    "recall": 0.5614973262032086,
    "f1": 0.5982905982905983,
    "roc_auc": 0.7840037200651012,
    "pr_auc": 0.601831810677852,
    "confusion_matrix": [
      [
        917,
        118
      ],
      [
        164,
        210
      ]
    ],
    "classification_report": {
      "0": {
        "precision": 0.8482886216466234,
        "recall": 0.8859903381642512,
        "f1-score": 0.8667296786389413,
        "support": 1035.0
      },
      "1": {
        "precision": 0.6402439024390244,
        "recall": 0.5614973262032086,
        "f1-score": 0.5982905982905983,
        "support": 374.0
      },
      "accuracy": 0.7998580553584103,
      "macro avg": {
        "precision": 0.744266262042824,
        "recall": 0.72374383218373,
        "f1-score": 0.7325101384647699,
        "support": 1409.0
      },
      "weighted avg": {
        "precision": 0.7930659637448192,
        "recall": 0.7998580553584103,
        "f1-score": 0.7954761541178056,
        "support": 1409.0
      }
    }
  },
  "META-DES": {
    "threshold": 0.5,
    "accuracy": 0.7892122072391767,
    "precision": 0.6060606060606061,
    "recall": 0.5882352941176471,
    "f1": 0.5970149253731343,
    "roc_auc": 0.7597044614947429,
    "pr_auc": 0.5111265629968429,
    "confusion_matrix": [
      [
        892,
        143
      ],
      [
        154,
        220
      ]
    ],
    "classification_report": {
      "0": {
        "precision": 0.8527724665391969,
        "recall": 0.8618357487922705,
        "f1-score": 0.8572801537722249,
        "support": 1035.0
      },
      "1": {
        "precision": 0.6060606060606061,
        "recall": 0.5882352941176471,
        "f1-score": 0.5970149253731343,
        "support": 374.0
      },
      "accuracy": 0.7892122072391767,
      "macro avg": {
        "precision": 0.7294165362999014,
        "recall": 0.7250355214549589,
        "f1-score": 0.7271475395726796,
        "support": 1409.0
      },
      "weighted avg": {
        "precision": 0.7872861387755398,
        "recall": 0.7892122072391767,
        "f1-score": 0.7881962677386835,
        "support": 1409.0
      }
    }
  }
}