{
  "models": [
    "stacking",
    "adaboost",
    "randomforest"
  ],
  "test_metrics": {
    "threshold": 0.5,
    "accuracy": 0.7714691270404542,
    "precision": 0.5537190082644629,
    "recall": 0.7165775401069518,
    "f1": 0.6247086247086248,
    "roc_auc": 0.8427329561600662,
    "pr_auc": 0.6836645225370866,
    "confusion_matrix": [
      [
        819,
        216
      ],
      [
        106,
        268
      ]
    ],
    "classification_report": {
      "0": {
        "precision": 0.8854054054054054,
        "recall": 0.7913043478260869,
        "f1-score": 0.8357142857142857,
        "support": 1035.0
      },
      "1": {
        "precision": 0.5537190082644629,
        "recall": 0.7165775401069518,
        "f1-score": 0.6247086247086248,
        "support": 374.0
      },
      "accuracy": 0.7714691270404542,
      "macro avg": {
        "precision": 0.7195622068349341,
        "recall": 0.7539409439665195,
        "f1-score": 0.7302114552114553,
        "support": 1409.0
      },
      "weighted avg": {
        "precision": 0.7973637357597612,
        "recall": 0.7714691270404542,
        "f1-score": 0.7797056858447916,
        "support": 1409.0
      }
    }
  }
}