{
  "threshold": 0.5,
  "accuracy": 0.7921708185053381,
  "precision": 0.5835095137420718,
  "recall": 0.7439353099730458,
  "f1": 0.6540284360189573,
  "roc_auc": 0.8621048762558196,
  "pr_auc": 0.6984359040504567,
  "confusion_matrix": [
    [
      837,
      197
    ],
    [
      95,
      276
    ]
  ],
  "classification_report": {
    "0": {
      "precision": 0.898068669527897,
      "recall": 0.809477756286267,
      "f1-score": 0.8514750762970499,
      "support": 1034.0
    },
    "1": {
      "precision": 0.5835095137420718,
      "recall": 0.7439353099730458,
      "f1-score": 0.6540284360189573,
      "support": 371.0
    },
    "accuracy": 0.7921708185053381,
    "macro avg": {
      "precision": 0.7407890916349844,
      "recall": 0.7767065331296563,
      "f1-score": 0.7527517561580036,
      "support": 1405.0
    },
    "weighted avg": {
      "precision": 0.8150071415588286,
      "recall": 0.7921708185053381,
      "f1-score": 0.799337920750308,
      "support": 1405.0
    }
  }
}