{
  "threshold": 0.5,
  "accuracy": 0.797864768683274,
  "precision": 0.5919661733615222,
  "recall": 0.7547169811320755,
  "f1": 0.6635071090047393,
  "roc_auc": 0.8620449201541132,
  "pr_auc": 0.7036968821038334,
  "confusion_matrix": [
    [
      841,
      193
    ],
    [
      91,
      280
    ]
  ],
  "classification_report": {
    "0": {
      "precision": 0.9023605150214592,
      "recall": 0.8133462282398453,
      "f1-score": 0.8555442522889115,
      "support": 1034.0
    },
    "1": {
      "precision": 0.5919661733615222,
      "recall": 0.7547169811320755,
      "f1-score": 0.6635071090047393,
      "support": 371.0
    },
    "accuracy": 0.797864768683274,
    "macro avg": {
      "precision": 0.7471633441914907,
      "recall": 0.7840316046859603,
      "f1-score": 0.7595256806468254,
      "support": 1405.0
    },
    "weighted avg": {
      "precision": 0.8203987351240667,
      "recall": 0.797864768683274,
      "f1-score": 0.8048355119626284,
      "support": 1405.0
    }
  }
}