{
  "threshold": 0.5,
  "accuracy": 0.7935943060498221,
  "precision": 0.5859872611464968,
  "recall": 0.7439353099730458,
  "f1": 0.6555819477434679,
  "roc_auc": 0.862621020087901,
  "pr_auc": 0.6984916116848604,
  "confusion_matrix": [
    [
      839,
      195
    ],
    [
      95,
      276
    ]
  ],
  "classification_report": {
    "0": {
      "precision": 0.8982869379014989,
      "recall": 0.811411992263056,
      "f1-score": 0.8526422764227642,
      "support": 1034.0
    },
    "1": {
      "precision": 0.5859872611464968,
      "recall": 0.7439353099730458,
      "f1-score": 0.6555819477434679,
      "support": 371.0
    },
    "accuracy": 0.7935943060498221,
    "macro avg": {
      "precision": 0.7421370995239979,
      "recall": 0.7776736511180509,
      "f1-score": 0.754112112083116,
      "support": 1405.0
    },
    "weighted avg": {
      "precision": 0.8158220410501782,
      "recall": 0.7935943060498221,
      "f1-score": 0.8006071291344945,
      "support": 1405.0
    }
  }
}