{
  "KNORA-E": {
    "threshold": 0.5,
    "accuracy": 0.7957295373665481,
    "precision": 0.6147540983606558,
    "recall": 0.6064690026954178,
    "f1": 0.6105834464043419,
    "roc_auc": 0.761682316078141,
    "pr_auc": 0.528388861041642,
    "confusion_matrix": [
      [
        893,
        141
      ],
      [
        146,
        225
      ]
    ],
    "classification_report": {
      "0": {
        "precision": 0.8594802694898941,
        "recall": 0.8636363636363636,
        "f1-score": 0.8615533043897733,
        "support": 1034.0
      },
      "1": {
        "precision": 0.6147540983606558,
        "recall": 0.6064690026954178,
        "f1-score": 0.6105834464043419,
        "support": 371.0
      },
      "accuracy": 0.7957295373665481,
      "macro avg": {
        "precision": 0.7371171839252749,
        "recall": 0.7350526831658908,
        "f1-score": 0.7360683753970576,
        "support": 1405.0
      },
      "weighted avg": {
        "precision": 0.7948586257255187,
        "recall": 0.7957295373665481,
        "f1-score": 0.795282971782944,
        "support": 1405.0
      }
    }
  },
  "KNORA-U": {
    "threshold": 0.5,
    "accuracy": 0.797864768683274,
    "precision": 0.6314199395770392,
    "recall": 0.5633423180592992,
    "f1": 0.5954415954415955,
    "roc_auc": 0.8244042188241304,
    "pr_auc": 0.6245626588249543,
    "confusion_matrix": [
      [
        912,
        122
      ],
      [
        162,
        209
      ]
    ],
    "classification_report": {
      "0": {
        "precision": 0.8491620111731844,
        "recall": 0.8820116054158608,
        "f1-score": 0.8652751423149905,
        "support": 1034.0
      },
      "1": {
        "precision": 0.6314199395770392,
        "recall": 0.5633423180592992,
        "f1-score": 0.5954415954415955,
        "support": 371.0
      },
      "accuracy": 0.797864768683274,
      "macro avg": {
        "precision": 0.7402909753751118,
        "recall": 0.72267696173758,
        "f1-score": 0.730358368878293,
        "support": 1405.0
      },
      "weighted avg": {
        "precision": 0.791665706146729,
        "recall": 0.797864768683274,
        "f1-score": 0.7940237217526919,
        "support": 1405.0
      }
    }
  },
  "META-DES": {
    "threshold": 0.5,
    "accuracy": 0.7935943060498221,
    "precision": 0.6167146974063401,
    "recall": 0.5768194070080862,
    "f1": 0.596100278551532,
    "roc_auc": 0.7841958322688953,
    "pr_auc": 0.5381315139793263,
    "confusion_matrix": [
      [
        901,
        133
      ],
      [
        157,
        214
      ]
    ],
    "classification_report": {
      "0": {
        "precision": 0.8516068052930057,
        "recall": 0.8713733075435203,
        "f1-score": 0.861376673040153,
        "support": 1034.0
      },
      "1": {
        "precision": 0.6167146974063401,
        "recall": 0.5768194070080862,
        "f1-score": 0.596100278551532,
        "support": 371.0
      },
      "accuracy": 0.7935943060498221,
      "macro avg": {
        "precision": 0.7341607513496728,
        "recall": 0.7240963572758032,
        "f1-score": 0.7287384757958425,
        "support": 1405.0
      },
      "weighted avg": {
        "precision": 0.7895819141713311,
        "recall": 0.7935943060498221,
        "f1-score": 0.7913286001894211,
        "support": 1405.0
      }
    }
  }
}