{
  "KNORA-E": {
    "threshold": 0.5,
    "accuracy": 0.79644128113879,
    "precision": 0.6145552560646901,
    "recall": 0.6145552560646901,
    "f1": 0.6145552560646901,
    "roc_auc": 0.7210985521904829,
    "pr_auc": 0.5166159690703388,
    "confusion_matrix": [
      [
        891,
        143
      ],
      [
        143,
        228
      ]
    ],
    "classification_report": {
      "0": {
        "precision": 0.8617021276595744,
        "recall": 0.8617021276595744,
        "f1-score": 0.8617021276595744,
        "support": 1034.0
      },
      "1": {
        "precision": 0.6145552560646901,
        "recall": 0.6145552560646901,
        "f1-score": 0.6145552560646901,
        "support": 371.0
      },
      "accuracy": 0.79644128113879,
      "macro avg": {
        "precision": 0.7381286918621323,
        "recall": 0.7381286918621323,
        "f1-score": 0.7381286918621323,
        "support": 1405.0
      },
      "weighted avg": {
        "precision": 0.79644128113879,
        "recall": 0.79644128113879,
        "f1-score": 0.79644128113879,
        "support": 1405.0
      }
    }
  },
  "KNORA-U": {
    "threshold": 0.5,
    "accuracy": 0.80355871886121,
    "precision": 0.6301369863013698,
    "recall": 0.6199460916442049,
    "f1": 0.625,
    "roc_auc": 0.8348183330118295,
    "pr_auc": 0.6328206278618692,
    "confusion_matrix": [
      [
        899,
        135
      ],
      [
        141,
        230
      ]
    ],
    "classification_report": {
      "0": {
        "precision": 0.864423076923077,
        "recall": 0.8694390715667312,
        "f1-score": 0.866923818707811,
        "support": 1034.0
      },
      "1": {
        "precision": 0.6301369863013698,
        "recall": 0.6199460916442049,
        "f1-score": 0.625,
        "support": 371.0
      },
      "accuracy": 0.80355871886121,
      "macro avg": {
        "precision": 0.7472800316122234,
        "recall": 0.744692581605468,
        "f1-score": 0.7459619093539055,
        "support": 1405.0
      },
      "weighted avg": {
        "precision": 0.8025582088656724,
        "recall": 0.80355871886121,
        "f1-score": 0.8030421555472432,
        "support": 1405.0
      }
    }
  },
  "META-DES": {
    "threshold": 0.5,
    "accuracy": 0.8,
    "precision": 0.6229508196721312,
    "recall": 0.6145552560646901,
    "f1": 0.6187245590230664,
    "roc_auc": 0.8083203428446303,
    "pr_auc": 0.6140086947995373,
    "confusion_matrix": [
      [
        896,
        138
      ],
      [
        143,
        228
      ]
    ],
    "classification_report": {
      "0": {
        "precision": 0.8623676612127045,
        "recall": 0.8665377176015474,
        "f1-score": 0.864447660395562,
        "support": 1034.0
      },
      "1": {
        "precision": 0.6229508196721312,
        "recall": 0.6145552560646901,
        "f1-score": 0.6187245590230664,
        "support": 371.0
      },
      "accuracy": 0.8,
      "macro avg": {
        "precision": 0.7426592404424178,
        "recall": 0.7405464868331187,
        "f1-score": 0.7415861097093142,
        "support": 1405.0
      },
      "weighted avg": {
        "precision": 0.7991479827703182,
        "recall": 0.8,
        "f1-score": 0.7995627702822552,
        "support": 1405.0
      }
    }
  }
}