{
  "KNORA-E": {
    "threshold": 0.5,
    "accuracy": 0.7850533807829182,
    "precision": 0.5886889460154242,
    "recall": 0.6172506738544474,
    "f1": 0.6026315789473684,
    "roc_auc": 0.7507755191416371,
    "pr_auc": 0.5215527689734794,
    "confusion_matrix": [
      [
        874,
        160
      ],
      [
        142,
        229
      ]
    ],
    "classification_report": {
      "0": {
        "precision": 0.860236220472441,
        "recall": 0.8452611218568665,
        "f1-score": 0.8526829268292683,
        "support": 1034.0
      },
      "1": {
        "precision": 0.5886889460154242,
        "recall": 0.6172506738544474,
        "f1-score": 0.6026315789473684,
        "support": 371.0
      },
      "accuracy": 0.7850533807829182,
      "macro avg": {
        "precision": 0.7244625832439326,
        "recall": 0.7312558978556569,
        "f1-score": 0.7276572528883183,
        "support": 1405.0
      },
      "weighted avg": {
        "precision": 0.7885322782492714,
        "recall": 0.7850533807829182,
        "f1-score": 0.7866551331892789,
        "support": 1405.0
      }
    }
  },
  "KNORA-U": {
    "threshold": 0.5,
    "accuracy": 0.795017793594306,
    "precision": 0.6106666666666667,
    "recall": 0.6172506738544474,
    "f1": 0.613941018766756,
    "roc_auc": 0.8409273384183059,
    "pr_auc": 0.6609823702742326,
    "confusion_matrix": [
      [
        888,
        146
      ],
      [
        142,
        229
      ]
    ],
    "classification_report": {
      "0": {
        "precision": 0.8621359223300971,
        "recall": 0.8588007736943907,
        "f1-score": 0.8604651162790697,
        "support": 1034.0
      },
      "1": {
        "precision": 0.6106666666666667,
        "recall": 0.6172506738544474,
        "f1-score": 0.613941018766756,
        "support": 371.0
      },
      "accuracy": 0.795017793594306,
      "macro avg": {
        "precision": 0.7364012944983819,
        "recall": 0.738025723774419,
        "f1-score": 0.7372030675229129,
        "support": 1405.0
      },
      "weighted avg": {
        "precision": 0.7957337203008211,
        "recall": 0.795017793594306,
        "f1-score": 0.7953687175765299,
        "support": 1405.0
      }
    }
  },
  "META-DES": {
    "threshold": 0.5,
    "accuracy": 0.797153024911032,
    "precision": 0.6162162162162163,
    "recall": 0.6145552560646901,
    "f1": 0.6153846153846154,
    "roc_auc": 0.7780190503996205,
    "pr_auc": 0.5403863075086119,
    "confusion_matrix": [
      [
        892,
        142
      ],
      [
        143,
        228
      ]
    ],
    "classification_report": {
      "0": {
        "precision": 0.8618357487922705,
        "recall": 0.8626692456479691,
        "f1-score": 0.8622522957950701,
        "support": 1034.0
      },
      "1": {
        "precision": 0.6162162162162163,
        "recall": 0.6145552560646901,
        "f1-score": 0.6153846153846154,
        "support": 371.0
      },
      "accuracy": 0.797153024911032,
      "macro avg": {
        "precision": 0.7390259825042433,
        "recall": 0.7386122508563295,
        "f1-score": 0.7388184555898427,
        "support": 1405.0
      },
      "weighted avg": {
        "precision": 0.79697820673838,
        "recall": 0.797153024911032,
        "f1-score": 0.797065171643982,
        "support": 1405.0
      }
    }
  }
}