{
  "models": [
    "randomforest"
  ],
  "test_metrics": {
    "threshold": 0.5,
    "accuracy": 0.7793594306049823,
    "precision": 0.5580952380952381,
    "recall": 0.7897574123989218,
    "f1": 0.6540178571428571,
    "roc_auc": 0.8591161949251072,
    "pr_auc": 0.6966375918264346,
    "confusion_matrix": [
      [
        802,
        232
      ],
      [
        78,
        293
      ]
    ],
    "classification_report": {
      "0": {
        "precision": 0.9113636363636364,
        "recall": 0.7756286266924565,
        "f1-score": 0.8380355276907001,
        "support": 1034.0
      },
      "1": {
        "precision": 0.5580952380952381,
        "recall": 0.7897574123989218,
        "f1-score": 0.6540178571428571,
        "support": 371.0
      },
      "accuracy": 0.7793594306049823,
      "macro avg": {
        "precision": 0.7347294372294373,
        "recall": 0.7826930195456892,
        "f1-score": 0.7460266924167787,
        "support": 1405.0
      },
      "weighted avg": {
        "precision": 0.8180806642941875,
        "recall": 0.7793594306049823,
        "f1-score": 0.78944438479159,
        "support": 1405.0
      }
    }
  }
}