{
  "models": [
    "randomforest",
    "logistic_regression"
  ],
  "test_metrics": {
    "threshold": 0.5,
    "accuracy": 0.7693950177935943,
    "precision": 0.542649727767695,
    "recall": 0.8059299191374663,
    "f1": 0.648590021691974,
    "roc_auc": 0.8631684453643507,
    "pr_auc": 0.7074999104592072,
    "confusion_matrix": [
      [
        782,
        252
      ],
      [
        72,
        299
      ]
    ],
    "classification_report": {
      "0": {
        "precision": 0.9156908665105387,
        "recall": 0.7562862669245648,
        "f1-score": 0.8283898305084746,
        "support": 1034.0
      },
      "1": {
        "precision": 0.542649727767695,
        "recall": 0.8059299191374663,
        "f1-score": 0.648590021691974,
        "support": 371.0
      },
      "accuracy": 0.7693950177935943,
      "macro avg": {
        "precision": 0.7291702971391169,
        "recall": 0.7811080930310155,
        "f1-score": 0.7384899261002242,
        "support": 1405.0
      },
      "weighted avg": {
        "precision": 0.8171867651058446,
        "recall": 0.7693950177935943,
        "f1-score": 0.7809124432693844,
        "support": 1405.0
      }
    }
  }
}