{
  "models": [
    "stacking"
  ],
  "test_metrics": {
    "threshold": 0.5,
    "accuracy": 0.7800711743772242,
    "precision": 0.5596153846153846,
    "recall": 0.784366576819407,
    "f1": 0.6531986531986532,
    "roc_auc": 0.8613358740817593,
    "pr_auc": 0.6975773377389216,
    "confusion_matrix": [
      [
        805,
        229
      ],
      [
        80,
        291
      ]
    ],
    "classification_report": {
      "0": {
        "precision": 0.9096045197740112,
        "recall": 0.7785299806576402,
        "f1-score": 0.8389786347055758,
        "support": 1034.0
      },
      "1": {
        "precision": 0.5596153846153846,
        "recall": 0.784366576819407,
        "f1-score": 0.6531986531986532,
        "support": 371.0
      },
      "accuracy": 0.7800711743772242,
      "macro avg": {
        "precision": 0.7346099521946979,
        "recall": 0.7814482787385236,
        "f1-score": 0.7460886439521145,
        "support": 1405.0
      },
      "weighted avg": {
        "precision": 0.8171874598851496,
        "recall": 0.7800711743772242,
        "f1-score": 0.7899221413681607,
        "support": 1405.0
      }
    }
  }
}